﻿<?xml version="1.0"?>
<root>
	<version major="2" minor="17" revision="0" build="0" />
	<OfficeMouse Enable="false" />
	<Layers Number="2" />
	<Cursor Speed="10" />
	<Logging Disable="false" />
	<RazorMouse DoubleClickFix="false" />
	<ScrollWheel ScrollWindowUnderCursor="true" />
	<ScrollLock BypassAll="true" BypassDisabled="false" />
	<Swap4and5 Always="false" />
	<RemoteDesktop SwapButtons4and5="false" Disable="false" DisableInvertedScroll="false" />
	<TrayIcon Show="true" />
	<ReinstallHook Disable="false" />
	<BalloonNotification Enable="true" Layer="true" />
	<MovementToScroll ChangeCursor="true" />
	<ResetSticky Enabled="false" Key="false" Layer="true" />
	<GlobalHotkeys Enable="false">
		<Hotkey0 Key="0" Modifier="0" />
		<Hotkey1 Key="0" Modifier="0" />
		<Hotkey2 Key="0" Modifier="0" />
		<Hotkey3 Key="0" Modifier="0" />
		<Hotkey4 Key="0" Modifier="0" />
		<Hotkey5 Key="0" Modifier="0" />
		<Hotkey6 Key="0" Modifier="0" />
		<Hotkey7 Key="0" Modifier="0" />
		<Hotkey8 Key="0" Modifier="0" />
		<Hotkey9 Key="0" Modifier="0" />
		<Hotkey10 Key="0" Modifier="0" />
		<Hotkey11 Key="0" Modifier="0" />
		<Hotkey12 Key="0" Modifier="0" />
		<Hotkey13 Key="0" Modifier="0" />
		<Hotkey14 Key="0" Modifier="0" />
		<Hotkey15 Key="0" Modifier="0" />
		<Hotkey16 Key="0" Modifier="0" />
		<Hotkey17 Key="0" Modifier="0" />
		<Hotkey18 Key="0" Modifier="0" />
		<Hotkey19 Key="0" Modifier="0" />
		<Hotkey20 Key="0" Modifier="0" />
		<Hotkey21 Key="0" Modifier="0" />
	</GlobalHotkeys>
	<LayerModifierKeys Enable="false">
		<LayerKey0 Key="0" Modifier="0" />
		<LayerKey1 Key="0" Modifier="0" />
		<LayerKey2 Key="0" Modifier="0" />
		<LayerKey3 Key="0" Modifier="0" />
		<LayerKey4 Key="0" Modifier="0" />
		<LayerKey5 Key="0" Modifier="0" />
		<LayerKey6 Key="0" Modifier="0" />
		<LayerKey7 Key="0" Modifier="0" />
		<LayerKey8 Key="0" Modifier="0" />
		<LayerKey9 Key="0" Modifier="0" />
		<LayerKey10 Key="0" Modifier="0" />
		<LayerKey11 Key="0" Modifier="0" />
		<LayerKey12 Key="0" Modifier="0" />
	</LayerModifierKeys>
	<NonClientMsgs Process="true" />
	<SimulatedKeystrokes IgnoreNumlock="true" />
	<LeftClickTrayIcon Cycle="false" />
	<ReMapSimulatedInput Enable="true" />
	<FixTiltRepeat Enable="false" InitialDelay="200" RepeatDelay="100" />
	<CheckVersion Days="5" Enable="true" Beta="false" />
	<SwitchOnMouseOver Enable="true" />
	<ActivateOnScroll Enable="false" />
	<ActivateOnMouseOver Enable="false" />
	<VisualStudio2010 FixScroll="false" />
	<OnScreenDisplay Enabled="true" AlwaysShow="false" />
	<SortActions Alphabetically="false" />
	<ButtonDebounce Enable="false" FromUp="false" Time="50" />
	<InactivityTimer Disable="false" Timeout="30" />
	<KeyboardLayout LoadUSEnglish="false" />
	<Priority Process="128" />
	<SimulatedKeys Delay="1" />
	<Search url="https://www.google.com/search?q=" />
	<Language filename="Simplified_Chinese.xmbclp" />
	<Default OverrideSpeed="false" Speed="10" InvertScrolling="false" InvertHorizontalScrolling="false" ScrollPages="false" ScrollLines="3" ForceSPI="false" AxisLocking="false" SwapButtons="0" IgnoreVScroll="false" IgnoreVScrollTime="200" IgnoreHScroll="false" IgnoreHScrollTime="400">
		<Layer name="" autoswitchlayer="0" autoswitchtime="1" revertlayer1="false" disabled="false" />
		<Left action="40" keys="" keyaction="2" keyrepeat="34" active="true" blockmouse="true" randomisedelay="false" app="" desc="">
			<mts Lock="0" Sticky="false" StickyBlock="false" Block="true" InvV="false" InvH="false" Sensitivity="5" NoMovementAction="40" keys="" keyaction="0" keyrepeat="0" active="true" blockmouse="true" randomisedelay="false" app="" />
		</Left>
		<Right action="40" keys="" keyaction="2" keyrepeat="34" active="true" blockmouse="true" randomisedelay="false" app="" desc="">
			<mts Lock="0" Sticky="false" StickyBlock="false" Block="true" InvV="false" InvH="false" Sensitivity="5" NoMovementAction="40" keys="" keyaction="0" keyrepeat="0" active="true" blockmouse="true" randomisedelay="false" app="" />
		</Right>
		<Middle action="40" keys="" keyaction="2" keyrepeat="34" active="true" blockmouse="true" randomisedelay="false" app="" desc="">
			<mts Lock="0" Sticky="false" StickyBlock="false" Block="true" InvV="false" InvH="false" Sensitivity="5" NoMovementAction="40" keys="" keyaction="0" keyrepeat="0" active="true" blockmouse="true" randomisedelay="false" app="" />
		</Middle>
		<XLeft action="40" keys="" keyaction="2" keyrepeat="34" active="true" blockmouse="true" randomisedelay="false" app="" desc="">
			<mts Lock="0" Sticky="false" StickyBlock="false" Block="true" InvV="false" InvH="false" Sensitivity="5" NoMovementAction="40" keys="" keyaction="0" keyrepeat="0" active="true" blockmouse="true" randomisedelay="false" app="" />
		</XLeft>
		<XRight action="40" keys="" keyaction="2" keyrepeat="34" active="true" blockmouse="true" randomisedelay="false" app="" desc="">
			<mts Lock="0" Sticky="false" StickyBlock="false" Block="true" InvV="false" InvH="false" Sensitivity="5" NoMovementAction="40" keys="" keyaction="0" keyrepeat="0" active="true" blockmouse="true" randomisedelay="false" app="" />
		</XRight>
		<TiltLeft action="40" keys="" keyaction="2" keyrepeat="34" active="true" blockmouse="true" randomisedelay="false" app="" desc="">
			<mts Lock="0" Sticky="false" StickyBlock="false" Block="true" InvV="false" InvH="false" Sensitivity="5" NoMovementAction="40" keys="" keyaction="0" keyrepeat="0" active="true" blockmouse="true" randomisedelay="false" app="" />
		</TiltLeft>
		<TiltRight action="40" keys="" keyaction="2" keyrepeat="34" active="true" blockmouse="true" randomisedelay="false" app="" desc="">
			<mts Lock="0" Sticky="false" StickyBlock="false" Block="true" InvV="false" InvH="false" Sensitivity="5" NoMovementAction="40" keys="" keyaction="0" keyrepeat="0" active="true" blockmouse="true" randomisedelay="false" app="" />
		</TiltRight>
		<WheelUp action="40" keys="" keyaction="2" keyrepeat="34" active="true" blockmouse="true" randomisedelay="false" app="" desc="">
			<mts Lock="0" Sticky="false" StickyBlock="false" Block="true" InvV="false" InvH="false" Sensitivity="5" NoMovementAction="40" keys="" keyaction="0" keyrepeat="0" active="true" blockmouse="true" randomisedelay="false" app="" />
		</WheelUp>
		<WheelDown action="40" keys="" keyaction="2" keyrepeat="34" active="true" blockmouse="true" randomisedelay="false" app="" desc="">
			<mts Lock="0" Sticky="false" StickyBlock="false" Block="true" InvV="false" InvH="false" Sensitivity="5" NoMovementAction="40" keys="" keyaction="0" keyrepeat="0" active="true" blockmouse="true" randomisedelay="false" app="" />
		</WheelDown>
		<Layer1>
			<Layer name="" autoswitchlayer="0" autoswitchtime="1" revertlayer1="false" disabled="false" />
			<Left action="40" keys="" keyaction="2" keyrepeat="34" active="true" blockmouse="true" randomisedelay="false" app="" desc="">
				<mts Lock="0" Sticky="false" StickyBlock="false" Block="true" InvV="false" InvH="false" Sensitivity="5" NoMovementAction="40" keys="" keyaction="0" keyrepeat="0" active="true" blockmouse="true" randomisedelay="false" app="" />
			</Left>
			<Right action="40" keys="" keyaction="2" keyrepeat="34" active="true" blockmouse="true" randomisedelay="false" app="" desc="">
				<mts Lock="0" Sticky="false" StickyBlock="false" Block="true" InvV="false" InvH="false" Sensitivity="5" NoMovementAction="40" keys="" keyaction="0" keyrepeat="0" active="true" blockmouse="true" randomisedelay="false" app="" />
			</Right>
			<Middle action="40" keys="" keyaction="2" keyrepeat="34" active="true" blockmouse="true" randomisedelay="false" app="" desc="">
				<mts Lock="0" Sticky="false" StickyBlock="false" Block="true" InvV="false" InvH="false" Sensitivity="5" NoMovementAction="40" keys="" keyaction="0" keyrepeat="0" active="true" blockmouse="true" randomisedelay="false" app="" />
			</Middle>
			<XLeft action="40" keys="" keyaction="2" keyrepeat="34" active="true" blockmouse="true" randomisedelay="false" app="" desc="">
				<mts Lock="0" Sticky="false" StickyBlock="false" Block="true" InvV="false" InvH="false" Sensitivity="5" NoMovementAction="40" keys="" keyaction="0" keyrepeat="0" active="true" blockmouse="true" randomisedelay="false" app="" />
			</XLeft>
			<XRight action="40" keys="" keyaction="2" keyrepeat="34" active="true" blockmouse="true" randomisedelay="false" app="" desc="">
				<mts Lock="0" Sticky="false" StickyBlock="false" Block="true" InvV="false" InvH="false" Sensitivity="5" NoMovementAction="40" keys="" keyaction="0" keyrepeat="0" active="true" blockmouse="true" randomisedelay="false" app="" />
			</XRight>
			<TiltLeft action="40" keys="" keyaction="2" keyrepeat="34" active="true" blockmouse="true" randomisedelay="false" app="" desc="">
				<mts Lock="0" Sticky="false" StickyBlock="false" Block="true" InvV="false" InvH="false" Sensitivity="5" NoMovementAction="40" keys="" keyaction="0" keyrepeat="0" active="true" blockmouse="true" randomisedelay="false" app="" />
			</TiltLeft>
			<TiltRight action="40" keys="" keyaction="2" keyrepeat="34" active="true" blockmouse="true" randomisedelay="false" app="" desc="">
				<mts Lock="0" Sticky="false" StickyBlock="false" Block="true" InvV="false" InvH="false" Sensitivity="5" NoMovementAction="40" keys="" keyaction="0" keyrepeat="0" active="true" blockmouse="true" randomisedelay="false" app="" />
			</TiltRight>
			<WheelUp action="40" keys="" keyaction="2" keyrepeat="34" active="true" blockmouse="true" randomisedelay="false" app="" desc="">
				<mts Lock="0" Sticky="false" StickyBlock="false" Block="true" InvV="false" InvH="false" Sensitivity="5" NoMovementAction="40" keys="" keyaction="0" keyrepeat="0" active="true" blockmouse="true" randomisedelay="false" app="" />
			</WheelUp>
			<WheelDown action="40" keys="" keyaction="2" keyrepeat="34" active="true" blockmouse="true" randomisedelay="false" app="" desc="">
				<mts Lock="0" Sticky="false" StickyBlock="false" Block="true" InvV="false" InvH="false" Sensitivity="5" NoMovementAction="40" keys="" keyaction="0" keyrepeat="0" active="true" blockmouse="true" randomisedelay="false" app="" />
			</WheelDown>
		</Layer1>
		<Layer2>
			<Layer name="" autoswitchlayer="0" autoswitchtime="1" revertlayer1="false" disabled="false" />
			<Left action="40" keys="" keyaction="2" keyrepeat="34" active="true" blockmouse="true" randomisedelay="false" app="" desc="">
				<mts Lock="0" Sticky="false" StickyBlock="false" Block="true" InvV="false" InvH="false" Sensitivity="5" NoMovementAction="40" keys="" keyaction="0" keyrepeat="0" active="true" blockmouse="true" randomisedelay="false" app="" />
			</Left>
			<Right action="40" keys="" keyaction="2" keyrepeat="34" active="true" blockmouse="true" randomisedelay="false" app="" desc="">
				<mts Lock="0" Sticky="false" StickyBlock="false" Block="true" InvV="false" InvH="false" Sensitivity="5" NoMovementAction="40" keys="" keyaction="0" keyrepeat="0" active="true" blockmouse="true" randomisedelay="false" app="" />
			</Right>
			<Middle action="40" keys="" keyaction="2" keyrepeat="34" active="true" blockmouse="true" randomisedelay="false" app="" desc="">
				<mts Lock="0" Sticky="false" StickyBlock="false" Block="true" InvV="false" InvH="false" Sensitivity="5" NoMovementAction="40" keys="" keyaction="0" keyrepeat="0" active="true" blockmouse="true" randomisedelay="false" app="" />
			</Middle>
			<XLeft action="40" keys="" keyaction="2" keyrepeat="34" active="true" blockmouse="true" randomisedelay="false" app="" desc="">
				<mts Lock="0" Sticky="false" StickyBlock="false" Block="true" InvV="false" InvH="false" Sensitivity="5" NoMovementAction="40" keys="" keyaction="0" keyrepeat="0" active="true" blockmouse="true" randomisedelay="false" app="" />
			</XLeft>
			<XRight action="40" keys="" keyaction="2" keyrepeat="34" active="true" blockmouse="true" randomisedelay="false" app="" desc="">
				<mts Lock="0" Sticky="false" StickyBlock="false" Block="true" InvV="false" InvH="false" Sensitivity="5" NoMovementAction="40" keys="" keyaction="0" keyrepeat="0" active="true" blockmouse="true" randomisedelay="false" app="" />
			</XRight>
			<TiltLeft action="40" keys="" keyaction="2" keyrepeat="34" active="true" blockmouse="true" randomisedelay="false" app="" desc="">
				<mts Lock="0" Sticky="false" StickyBlock="false" Block="true" InvV="false" InvH="false" Sensitivity="5" NoMovementAction="40" keys="" keyaction="0" keyrepeat="0" active="true" blockmouse="true" randomisedelay="false" app="" />
			</TiltLeft>
			<TiltRight action="40" keys="" keyaction="2" keyrepeat="34" active="true" blockmouse="true" randomisedelay="false" app="" desc="">
				<mts Lock="0" Sticky="false" StickyBlock="false" Block="true" InvV="false" InvH="false" Sensitivity="5" NoMovementAction="40" keys="" keyaction="0" keyrepeat="0" active="true" blockmouse="true" randomisedelay="false" app="" />
			</TiltRight>
			<WheelUp action="40" keys="" keyaction="2" keyrepeat="34" active="true" blockmouse="true" randomisedelay="false" app="" desc="">
				<mts Lock="0" Sticky="false" StickyBlock="false" Block="true" InvV="false" InvH="false" Sensitivity="5" NoMovementAction="40" keys="" keyaction="0" keyrepeat="0" active="true" blockmouse="true" randomisedelay="false" app="" />
			</WheelUp>
			<WheelDown action="40" keys="" keyaction="2" keyrepeat="34" active="true" blockmouse="true" randomisedelay="false" app="" desc="">
				<mts Lock="0" Sticky="false" StickyBlock="false" Block="true" InvV="false" InvH="false" Sensitivity="5" NoMovementAction="40" keys="" keyaction="0" keyrepeat="0" active="true" blockmouse="true" randomisedelay="false" app="" />
			</WheelDown>
		</Layer2>
		<Layer3>
			<Layer name="" autoswitchlayer="0" autoswitchtime="1" revertlayer1="false" disabled="false" />
			<Left action="40" keys="" keyaction="2" keyrepeat="34" active="true" blockmouse="true" randomisedelay="false" app="" desc="">
				<mts Lock="0" Sticky="false" StickyBlock="false" Block="true" InvV="false" InvH="false" Sensitivity="5" NoMovementAction="40" keys="" keyaction="0" keyrepeat="0" active="true" blockmouse="true" randomisedelay="false" app="" />
			</Left>
			<Right action="40" keys="" keyaction="2" keyrepeat="34" active="true" blockmouse="true" randomisedelay="false" app="" desc="">
				<mts Lock="0" Sticky="false" StickyBlock="false" Block="true" InvV="false" InvH="false" Sensitivity="5" NoMovementAction="40" keys="" keyaction="0" keyrepeat="0" active="true" blockmouse="true" randomisedelay="false" app="" />
			</Right>
			<Middle action="40" keys="" keyaction="2" keyrepeat="34" active="true" blockmouse="true" randomisedelay="false" app="" desc="">
				<mts Lock="0" Sticky="false" StickyBlock="false" Block="true" InvV="false" InvH="false" Sensitivity="5" NoMovementAction="40" keys="" keyaction="0" keyrepeat="0" active="true" blockmouse="true" randomisedelay="false" app="" />
			</Middle>
			<XLeft action="40" keys="" keyaction="2" keyrepeat="34" active="true" blockmouse="true" randomisedelay="false" app="" desc="">
				<mts Lock="0" Sticky="false" StickyBlock="false" Block="true" InvV="false" InvH="false" Sensitivity="5" NoMovementAction="40" keys="" keyaction="0" keyrepeat="0" active="true" blockmouse="true" randomisedelay="false" app="" />
			</XLeft>
			<XRight action="40" keys="" keyaction="2" keyrepeat="34" active="true" blockmouse="true" randomisedelay="false" app="" desc="">
				<mts Lock="0" Sticky="false" StickyBlock="false" Block="true" InvV="false" InvH="false" Sensitivity="5" NoMovementAction="40" keys="" keyaction="0" keyrepeat="0" active="true" blockmouse="true" randomisedelay="false" app="" />
			</XRight>
			<TiltLeft action="40" keys="" keyaction="2" keyrepeat="34" active="true" blockmouse="true" randomisedelay="false" app="" desc="">
				<mts Lock="0" Sticky="false" StickyBlock="false" Block="true" InvV="false" InvH="false" Sensitivity="5" NoMovementAction="40" keys="" keyaction="0" keyrepeat="0" active="true" blockmouse="true" randomisedelay="false" app="" />
			</TiltLeft>
			<TiltRight action="40" keys="" keyaction="2" keyrepeat="34" active="true" blockmouse="true" randomisedelay="false" app="" desc="">
				<mts Lock="0" Sticky="false" StickyBlock="false" Block="true" InvV="false" InvH="false" Sensitivity="5" NoMovementAction="40" keys="" keyaction="0" keyrepeat="0" active="true" blockmouse="true" randomisedelay="false" app="" />
			</TiltRight>
			<WheelUp action="40" keys="" keyaction="2" keyrepeat="34" active="true" blockmouse="true" randomisedelay="false" app="" desc="">
				<mts Lock="0" Sticky="false" StickyBlock="false" Block="true" InvV="false" InvH="false" Sensitivity="5" NoMovementAction="40" keys="" keyaction="0" keyrepeat="0" active="true" blockmouse="true" randomisedelay="false" app="" />
			</WheelUp>
			<WheelDown action="40" keys="" keyaction="2" keyrepeat="34" active="true" blockmouse="true" randomisedelay="false" app="" desc="">
				<mts Lock="0" Sticky="false" StickyBlock="false" Block="true" InvV="false" InvH="false" Sensitivity="5" NoMovementAction="40" keys="" keyaction="0" keyrepeat="0" active="true" blockmouse="true" randomisedelay="false" app="" />
			</WheelDown>
		</Layer3>
		<Layer4>
			<Layer name="" autoswitchlayer="0" autoswitchtime="1" revertlayer1="false" disabled="false" />
			<Left action="40" keys="" keyaction="2" keyrepeat="34" active="true" blockmouse="true" randomisedelay="false" app="" desc="">
				<mts Lock="0" Sticky="false" StickyBlock="false" Block="true" InvV="false" InvH="false" Sensitivity="5" NoMovementAction="40" keys="" keyaction="0" keyrepeat="0" active="true" blockmouse="true" randomisedelay="false" app="" />
			</Left>
			<Right action="40" keys="" keyaction="2" keyrepeat="34" active="true" blockmouse="true" randomisedelay="false" app="" desc="">
				<mts Lock="0" Sticky="false" StickyBlock="false" Block="true" InvV="false" InvH="false" Sensitivity="5" NoMovementAction="40" keys="" keyaction="0" keyrepeat="0" active="true" blockmouse="true" randomisedelay="false" app="" />
			</Right>
			<Middle action="40" keys="" keyaction="2" keyrepeat="34" active="true" blockmouse="true" randomisedelay="false" app="" desc="">
				<mts Lock="0" Sticky="false" StickyBlock="false" Block="true" InvV="false" InvH="false" Sensitivity="5" NoMovementAction="40" keys="" keyaction="0" keyrepeat="0" active="true" blockmouse="true" randomisedelay="false" app="" />
			</Middle>
			<XLeft action="40" keys="" keyaction="2" keyrepeat="34" active="true" blockmouse="true" randomisedelay="false" app="" desc="">
				<mts Lock="0" Sticky="false" StickyBlock="false" Block="true" InvV="false" InvH="false" Sensitivity="5" NoMovementAction="40" keys="" keyaction="0" keyrepeat="0" active="true" blockmouse="true" randomisedelay="false" app="" />
			</XLeft>
			<XRight action="40" keys="" keyaction="2" keyrepeat="34" active="true" blockmouse="true" randomisedelay="false" app="" desc="">
				<mts Lock="0" Sticky="false" StickyBlock="false" Block="true" InvV="false" InvH="false" Sensitivity="5" NoMovementAction="40" keys="" keyaction="0" keyrepeat="0" active="true" blockmouse="true" randomisedelay="false" app="" />
			</XRight>
			<TiltLeft action="40" keys="" keyaction="2" keyrepeat="34" active="true" blockmouse="true" randomisedelay="false" app="" desc="">
				<mts Lock="0" Sticky="false" StickyBlock="false" Block="true" InvV="false" InvH="false" Sensitivity="5" NoMovementAction="40" keys="" keyaction="0" keyrepeat="0" active="true" blockmouse="true" randomisedelay="false" app="" />
			</TiltLeft>
			<TiltRight action="40" keys="" keyaction="2" keyrepeat="34" active="true" blockmouse="true" randomisedelay="false" app="" desc="">
				<mts Lock="0" Sticky="false" StickyBlock="false" Block="true" InvV="false" InvH="false" Sensitivity="5" NoMovementAction="40" keys="" keyaction="0" keyrepeat="0" active="true" blockmouse="true" randomisedelay="false" app="" />
			</TiltRight>
			<WheelUp action="40" keys="" keyaction="2" keyrepeat="34" active="true" blockmouse="true" randomisedelay="false" app="" desc="">
				<mts Lock="0" Sticky="false" StickyBlock="false" Block="true" InvV="false" InvH="false" Sensitivity="5" NoMovementAction="40" keys="" keyaction="0" keyrepeat="0" active="true" blockmouse="true" randomisedelay="false" app="" />
			</WheelUp>
			<WheelDown action="40" keys="" keyaction="2" keyrepeat="34" active="true" blockmouse="true" randomisedelay="false" app="" desc="">
				<mts Lock="0" Sticky="false" StickyBlock="false" Block="true" InvV="false" InvH="false" Sensitivity="5" NoMovementAction="40" keys="" keyaction="0" keyrepeat="0" active="true" blockmouse="true" randomisedelay="false" app="" />
			</WheelDown>
		</Layer4>
		<Layer5>
			<Layer name="" autoswitchlayer="0" autoswitchtime="1" revertlayer1="false" disabled="false" />
			<Left action="40" keys="" keyaction="2" keyrepeat="34" active="true" blockmouse="true" randomisedelay="false" app="" desc="">
				<mts Lock="0" Sticky="false" StickyBlock="false" Block="true" InvV="false" InvH="false" Sensitivity="5" NoMovementAction="40" keys="" keyaction="0" keyrepeat="0" active="true" blockmouse="true" randomisedelay="false" app="" />
			</Left>
			<Right action="40" keys="" keyaction="2" keyrepeat="34" active="true" blockmouse="true" randomisedelay="false" app="" desc="">
				<mts Lock="0" Sticky="false" StickyBlock="false" Block="true" InvV="false" InvH="false" Sensitivity="5" NoMovementAction="40" keys="" keyaction="0" keyrepeat="0" active="true" blockmouse="true" randomisedelay="false" app="" />
			</Right>
			<Middle action="40" keys="" keyaction="2" keyrepeat="34" active="true" blockmouse="true" randomisedelay="false" app="" desc="">
				<mts Lock="0" Sticky="false" StickyBlock="false" Block="true" InvV="false" InvH="false" Sensitivity="5" NoMovementAction="40" keys="" keyaction="0" keyrepeat="0" active="true" blockmouse="true" randomisedelay="false" app="" />
			</Middle>
			<XLeft action="40" keys="" keyaction="2" keyrepeat="34" active="true" blockmouse="true" randomisedelay="false" app="" desc="">
				<mts Lock="0" Sticky="false" StickyBlock="false" Block="true" InvV="false" InvH="false" Sensitivity="5" NoMovementAction="40" keys="" keyaction="0" keyrepeat="0" active="true" blockmouse="true" randomisedelay="false" app="" />
			</XLeft>
			<XRight action="40" keys="" keyaction="2" keyrepeat="34" active="true" blockmouse="true" randomisedelay="false" app="" desc="">
				<mts Lock="0" Sticky="false" StickyBlock="false" Block="true" InvV="false" InvH="false" Sensitivity="5" NoMovementAction="40" keys="" keyaction="0" keyrepeat="0" active="true" blockmouse="true" randomisedelay="false" app="" />
			</XRight>
			<TiltLeft action="40" keys="" keyaction="2" keyrepeat="34" active="true" blockmouse="true" randomisedelay="false" app="" desc="">
				<mts Lock="0" Sticky="false" StickyBlock="false" Block="true" InvV="false" InvH="false" Sensitivity="5" NoMovementAction="40" keys="" keyaction="0" keyrepeat="0" active="true" blockmouse="true" randomisedelay="false" app="" />
			</TiltLeft>
			<TiltRight action="40" keys="" keyaction="2" keyrepeat="34" active="true" blockmouse="true" randomisedelay="false" app="" desc="">
				<mts Lock="0" Sticky="false" StickyBlock="false" Block="true" InvV="false" InvH="false" Sensitivity="5" NoMovementAction="40" keys="" keyaction="0" keyrepeat="0" active="true" blockmouse="true" randomisedelay="false" app="" />
			</TiltRight>
			<WheelUp action="40" keys="" keyaction="2" keyrepeat="34" active="true" blockmouse="true" randomisedelay="false" app="" desc="">
				<mts Lock="0" Sticky="false" StickyBlock="false" Block="true" InvV="false" InvH="false" Sensitivity="5" NoMovementAction="40" keys="" keyaction="0" keyrepeat="0" active="true" blockmouse="true" randomisedelay="false" app="" />
			</WheelUp>
			<WheelDown action="40" keys="" keyaction="2" keyrepeat="34" active="true" blockmouse="true" randomisedelay="false" app="" desc="">
				<mts Lock="0" Sticky="false" StickyBlock="false" Block="true" InvV="false" InvH="false" Sensitivity="5" NoMovementAction="40" keys="" keyaction="0" keyrepeat="0" active="true" blockmouse="true" randomisedelay="false" app="" />
			</WheelDown>
		</Layer5>
		<Layer6>
			<Layer name="" autoswitchlayer="0" autoswitchtime="1" revertlayer1="false" disabled="false" />
			<Left action="40" keys="" keyaction="2" keyrepeat="34" active="true" blockmouse="true" randomisedelay="false" app="" desc="">
				<mts Lock="0" Sticky="false" StickyBlock="false" Block="true" InvV="false" InvH="false" Sensitivity="5" NoMovementAction="40" keys="" keyaction="0" keyrepeat="0" active="true" blockmouse="true" randomisedelay="false" app="" />
			</Left>
			<Right action="40" keys="" keyaction="2" keyrepeat="34" active="true" blockmouse="true" randomisedelay="false" app="" desc="">
				<mts Lock="0" Sticky="false" StickyBlock="false" Block="true" InvV="false" InvH="false" Sensitivity="5" NoMovementAction="40" keys="" keyaction="0" keyrepeat="0" active="true" blockmouse="true" randomisedelay="false" app="" />
			</Right>
			<Middle action="40" keys="" keyaction="2" keyrepeat="34" active="true" blockmouse="true" randomisedelay="false" app="" desc="">
				<mts Lock="0" Sticky="false" StickyBlock="false" Block="true" InvV="false" InvH="false" Sensitivity="5" NoMovementAction="40" keys="" keyaction="0" keyrepeat="0" active="true" blockmouse="true" randomisedelay="false" app="" />
			</Middle>
			<XLeft action="40" keys="" keyaction="2" keyrepeat="34" active="true" blockmouse="true" randomisedelay="false" app="" desc="">
				<mts Lock="0" Sticky="false" StickyBlock="false" Block="true" InvV="false" InvH="false" Sensitivity="5" NoMovementAction="40" keys="" keyaction="0" keyrepeat="0" active="true" blockmouse="true" randomisedelay="false" app="" />
			</XLeft>
			<XRight action="40" keys="" keyaction="2" keyrepeat="34" active="true" blockmouse="true" randomisedelay="false" app="" desc="">
				<mts Lock="0" Sticky="false" StickyBlock="false" Block="true" InvV="false" InvH="false" Sensitivity="5" NoMovementAction="40" keys="" keyaction="0" keyrepeat="0" active="true" blockmouse="true" randomisedelay="false" app="" />
			</XRight>
			<TiltLeft action="40" keys="" keyaction="2" keyrepeat="34" active="true" blockmouse="true" randomisedelay="false" app="" desc="">
				<mts Lock="0" Sticky="false" StickyBlock="false" Block="true" InvV="false" InvH="false" Sensitivity="5" NoMovementAction="40" keys="" keyaction="0" keyrepeat="0" active="true" blockmouse="true" randomisedelay="false" app="" />
			</TiltLeft>
			<TiltRight action="40" keys="" keyaction="2" keyrepeat="34" active="true" blockmouse="true" randomisedelay="false" app="" desc="">
				<mts Lock="0" Sticky="false" StickyBlock="false" Block="true" InvV="false" InvH="false" Sensitivity="5" NoMovementAction="40" keys="" keyaction="0" keyrepeat="0" active="true" blockmouse="true" randomisedelay="false" app="" />
			</TiltRight>
			<WheelUp action="40" keys="" keyaction="2" keyrepeat="34" active="true" blockmouse="true" randomisedelay="false" app="" desc="">
				<mts Lock="0" Sticky="false" StickyBlock="false" Block="true" InvV="false" InvH="false" Sensitivity="5" NoMovementAction="40" keys="" keyaction="0" keyrepeat="0" active="true" blockmouse="true" randomisedelay="false" app="" />
			</WheelUp>
			<WheelDown action="40" keys="" keyaction="2" keyrepeat="34" active="true" blockmouse="true" randomisedelay="false" app="" desc="">
				<mts Lock="0" Sticky="false" StickyBlock="false" Block="true" InvV="false" InvH="false" Sensitivity="5" NoMovementAction="40" keys="" keyaction="0" keyrepeat="0" active="true" blockmouse="true" randomisedelay="false" app="" />
			</WheelDown>
		</Layer6>
		<Layer7>
			<Layer name="" autoswitchlayer="0" autoswitchtime="1" revertlayer1="false" disabled="false" />
			<Left action="40" keys="" keyaction="2" keyrepeat="34" active="true" blockmouse="true" randomisedelay="false" app="" desc="">
				<mts Lock="0" Sticky="false" StickyBlock="false" Block="true" InvV="false" InvH="false" Sensitivity="5" NoMovementAction="40" keys="" keyaction="0" keyrepeat="0" active="true" blockmouse="true" randomisedelay="false" app="" />
			</Left>
			<Right action="40" keys="" keyaction="2" keyrepeat="34" active="true" blockmouse="true" randomisedelay="false" app="" desc="">
				<mts Lock="0" Sticky="false" StickyBlock="false" Block="true" InvV="false" InvH="false" Sensitivity="5" NoMovementAction="40" keys="" keyaction="0" keyrepeat="0" active="true" blockmouse="true" randomisedelay="false" app="" />
			</Right>
			<Middle action="40" keys="" keyaction="2" keyrepeat="34" active="true" blockmouse="true" randomisedelay="false" app="" desc="">
				<mts Lock="0" Sticky="false" StickyBlock="false" Block="true" InvV="false" InvH="false" Sensitivity="5" NoMovementAction="40" keys="" keyaction="0" keyrepeat="0" active="true" blockmouse="true" randomisedelay="false" app="" />
			</Middle>
			<XLeft action="40" keys="" keyaction="2" keyrepeat="34" active="true" blockmouse="true" randomisedelay="false" app="" desc="">
				<mts Lock="0" Sticky="false" StickyBlock="false" Block="true" InvV="false" InvH="false" Sensitivity="5" NoMovementAction="40" keys="" keyaction="0" keyrepeat="0" active="true" blockmouse="true" randomisedelay="false" app="" />
			</XLeft>
			<XRight action="40" keys="" keyaction="2" keyrepeat="34" active="true" blockmouse="true" randomisedelay="false" app="" desc="">
				<mts Lock="0" Sticky="false" StickyBlock="false" Block="true" InvV="false" InvH="false" Sensitivity="5" NoMovementAction="40" keys="" keyaction="0" keyrepeat="0" active="true" blockmouse="true" randomisedelay="false" app="" />
			</XRight>
			<TiltLeft action="40" keys="" keyaction="2" keyrepeat="34" active="true" blockmouse="true" randomisedelay="false" app="" desc="">
				<mts Lock="0" Sticky="false" StickyBlock="false" Block="true" InvV="false" InvH="false" Sensitivity="5" NoMovementAction="40" keys="" keyaction="0" keyrepeat="0" active="true" blockmouse="true" randomisedelay="false" app="" />
			</TiltLeft>
			<TiltRight action="40" keys="" keyaction="2" keyrepeat="34" active="true" blockmouse="true" randomisedelay="false" app="" desc="">
				<mts Lock="0" Sticky="false" StickyBlock="false" Block="true" InvV="false" InvH="false" Sensitivity="5" NoMovementAction="40" keys="" keyaction="0" keyrepeat="0" active="true" blockmouse="true" randomisedelay="false" app="" />
			</TiltRight>
			<WheelUp action="40" keys="" keyaction="2" keyrepeat="34" active="true" blockmouse="true" randomisedelay="false" app="" desc="">
				<mts Lock="0" Sticky="false" StickyBlock="false" Block="true" InvV="false" InvH="false" Sensitivity="5" NoMovementAction="40" keys="" keyaction="0" keyrepeat="0" active="true" blockmouse="true" randomisedelay="false" app="" />
			</WheelUp>
			<WheelDown action="40" keys="" keyaction="2" keyrepeat="34" active="true" blockmouse="true" randomisedelay="false" app="" desc="">
				<mts Lock="0" Sticky="false" StickyBlock="false" Block="true" InvV="false" InvH="false" Sensitivity="5" NoMovementAction="40" keys="" keyaction="0" keyrepeat="0" active="true" blockmouse="true" randomisedelay="false" app="" />
			</WheelDown>
		</Layer7>
		<Layer8>
			<Layer name="" autoswitchlayer="0" autoswitchtime="1" revertlayer1="false" disabled="false" />
			<Left action="40" keys="" keyaction="2" keyrepeat="34" active="true" blockmouse="true" randomisedelay="false" app="" desc="">
				<mts Lock="0" Sticky="false" StickyBlock="false" Block="true" InvV="false" InvH="false" Sensitivity="5" NoMovementAction="40" keys="" keyaction="0" keyrepeat="0" active="true" blockmouse="true" randomisedelay="false" app="" />
			</Left>
			<Right action="40" keys="" keyaction="2" keyrepeat="34" active="true" blockmouse="true" randomisedelay="false" app="" desc="">
				<mts Lock="0" Sticky="false" StickyBlock="false" Block="true" InvV="false" InvH="false" Sensitivity="5" NoMovementAction="40" keys="" keyaction="0" keyrepeat="0" active="true" blockmouse="true" randomisedelay="false" app="" />
			</Right>
			<Middle action="40" keys="" keyaction="2" keyrepeat="34" active="true" blockmouse="true" randomisedelay="false" app="" desc="">
				<mts Lock="0" Sticky="false" StickyBlock="false" Block="true" InvV="false" InvH="false" Sensitivity="5" NoMovementAction="40" keys="" keyaction="0" keyrepeat="0" active="true" blockmouse="true" randomisedelay="false" app="" />
			</Middle>
			<XLeft action="40" keys="" keyaction="2" keyrepeat="34" active="true" blockmouse="true" randomisedelay="false" app="" desc="">
				<mts Lock="0" Sticky="false" StickyBlock="false" Block="true" InvV="false" InvH="false" Sensitivity="5" NoMovementAction="40" keys="" keyaction="0" keyrepeat="0" active="true" blockmouse="true" randomisedelay="false" app="" />
			</XLeft>
			<XRight action="40" keys="" keyaction="2" keyrepeat="34" active="true" blockmouse="true" randomisedelay="false" app="" desc="">
				<mts Lock="0" Sticky="false" StickyBlock="false" Block="true" InvV="false" InvH="false" Sensitivity="5" NoMovementAction="40" keys="" keyaction="0" keyrepeat="0" active="true" blockmouse="true" randomisedelay="false" app="" />
			</XRight>
			<TiltLeft action="40" keys="" keyaction="2" keyrepeat="34" active="true" blockmouse="true" randomisedelay="false" app="" desc="">
				<mts Lock="0" Sticky="false" StickyBlock="false" Block="true" InvV="false" InvH="false" Sensitivity="5" NoMovementAction="40" keys="" keyaction="0" keyrepeat="0" active="true" blockmouse="true" randomisedelay="false" app="" />
			</TiltLeft>
			<TiltRight action="40" keys="" keyaction="2" keyrepeat="34" active="true" blockmouse="true" randomisedelay="false" app="" desc="">
				<mts Lock="0" Sticky="false" StickyBlock="false" Block="true" InvV="false" InvH="false" Sensitivity="5" NoMovementAction="40" keys="" keyaction="0" keyrepeat="0" active="true" blockmouse="true" randomisedelay="false" app="" />
			</TiltRight>
			<WheelUp action="40" keys="" keyaction="2" keyrepeat="34" active="true" blockmouse="true" randomisedelay="false" app="" desc="">
				<mts Lock="0" Sticky="false" StickyBlock="false" Block="true" InvV="false" InvH="false" Sensitivity="5" NoMovementAction="40" keys="" keyaction="0" keyrepeat="0" active="true" blockmouse="true" randomisedelay="false" app="" />
			</WheelUp>
			<WheelDown action="40" keys="" keyaction="2" keyrepeat="34" active="true" blockmouse="true" randomisedelay="false" app="" desc="">
				<mts Lock="0" Sticky="false" StickyBlock="false" Block="true" InvV="false" InvH="false" Sensitivity="5" NoMovementAction="40" keys="" keyaction="0" keyrepeat="0" active="true" blockmouse="true" randomisedelay="false" app="" />
			</WheelDown>
		</Layer8>
		<Layer9>
			<Layer name="" autoswitchlayer="0" autoswitchtime="1" revertlayer1="false" disabled="false" />
			<Left action="40" keys="" keyaction="2" keyrepeat="34" active="true" blockmouse="true" randomisedelay="false" app="" desc="">
				<mts Lock="0" Sticky="false" StickyBlock="false" Block="true" InvV="false" InvH="false" Sensitivity="5" NoMovementAction="40" keys="" keyaction="0" keyrepeat="0" active="true" blockmouse="true" randomisedelay="false" app="" />
			</Left>
			<Right action="40" keys="" keyaction="2" keyrepeat="34" active="true" blockmouse="true" randomisedelay="false" app="" desc="">
				<mts Lock="0" Sticky="false" StickyBlock="false" Block="true" InvV="false" InvH="false" Sensitivity="5" NoMovementAction="40" keys="" keyaction="0" keyrepeat="0" active="true" blockmouse="true" randomisedelay="false" app="" />
			</Right>
			<Middle action="40" keys="" keyaction="2" keyrepeat="34" active="true" blockmouse="true" randomisedelay="false" app="" desc="">
				<mts Lock="0" Sticky="false" StickyBlock="false" Block="true" InvV="false" InvH="false" Sensitivity="5" NoMovementAction="40" keys="" keyaction="0" keyrepeat="0" active="true" blockmouse="true" randomisedelay="false" app="" />
			</Middle>
			<XLeft action="40" keys="" keyaction="2" keyrepeat="34" active="true" blockmouse="true" randomisedelay="false" app="" desc="">
				<mts Lock="0" Sticky="false" StickyBlock="false" Block="true" InvV="false" InvH="false" Sensitivity="5" NoMovementAction="40" keys="" keyaction="0" keyrepeat="0" active="true" blockmouse="true" randomisedelay="false" app="" />
			</XLeft>
			<XRight action="40" keys="" keyaction="2" keyrepeat="34" active="true" blockmouse="true" randomisedelay="false" app="" desc="">
				<mts Lock="0" Sticky="false" StickyBlock="false" Block="true" InvV="false" InvH="false" Sensitivity="5" NoMovementAction="40" keys="" keyaction="0" keyrepeat="0" active="true" blockmouse="true" randomisedelay="false" app="" />
			</XRight>
			<TiltLeft action="40" keys="" keyaction="2" keyrepeat="34" active="true" blockmouse="true" randomisedelay="false" app="" desc="">
				<mts Lock="0" Sticky="false" StickyBlock="false" Block="true" InvV="false" InvH="false" Sensitivity="5" NoMovementAction="40" keys="" keyaction="0" keyrepeat="0" active="true" blockmouse="true" randomisedelay="false" app="" />
			</TiltLeft>
			<TiltRight action="40" keys="" keyaction="2" keyrepeat="34" active="true" blockmouse="true" randomisedelay="false" app="" desc="">
				<mts Lock="0" Sticky="false" StickyBlock="false" Block="true" InvV="false" InvH="false" Sensitivity="5" NoMovementAction="40" keys="" keyaction="0" keyrepeat="0" active="true" blockmouse="true" randomisedelay="false" app="" />
			</TiltRight>
			<WheelUp action="40" keys="" keyaction="2" keyrepeat="34" active="true" blockmouse="true" randomisedelay="false" app="" desc="">
				<mts Lock="0" Sticky="false" StickyBlock="false" Block="true" InvV="false" InvH="false" Sensitivity="5" NoMovementAction="40" keys="" keyaction="0" keyrepeat="0" active="true" blockmouse="true" randomisedelay="false" app="" />
			</WheelUp>
			<WheelDown action="40" keys="" keyaction="2" keyrepeat="34" active="true" blockmouse="true" randomisedelay="false" app="" desc="">
				<mts Lock="0" Sticky="false" StickyBlock="false" Block="true" InvV="false" InvH="false" Sensitivity="5" NoMovementAction="40" keys="" keyaction="0" keyrepeat="0" active="true" blockmouse="true" randomisedelay="false" app="" />
			</WheelDown>
		</Layer9>
	</Default>
</root>
